city,predicted_score
New York,67.93070815502945
Los Angeles,66.825558067212
Chicago,66.81241963733895
Seattle,66.73299644514202
Miami,65.91911135357593
