city,predicted_score
New York,72.43279057113291
Miami,72.24998021666111
Seattle,72.23406040185981
Los Angeles,72.18719292406885
Chicago,71.68142433237004
