city,Fall,Spring,Summer,Winter
Chicago,64.18768164835164,58.51807081521739,72.71628203392467,39.47268120842572
Los Angeles,87.53812516483517,82.39113483695652,88.79796054310613,71.13485521064301
Miami,62.35590697802198,72.3795710326087,59.591322338935576,77.36286746119734
New York,67.55719868131868,61.59436065217391,73.55143124805478,45.158389412416845
Seattle,65.01594186813188,64.24784657608696,85.07409162776221,47.131148170731706
