city,Fall,Spring,Summer,Winter
Chicago,56.96141791208791,51.44759255434782,66.87150411090362,32.345511954915004
Los Angeles,84.56672223443223,78.96941019927536,85.32479949424214,68.29407546193644
Miami,57.05769452380952,66.4458898731884,55.12919033354082,71.59759399482631
New York,62.465085128205125,56.06334978260869,68.98627001244942,39.753112250554324
Seattle,60.28736677655678,59.64816903985507,80.87385974686171,42.45452954545454
